<?xml version="1.0" encoding="UTF-8"?>
<project-private xmlns="http://www.netbeans.org/ns/project-private/1">
    <editor-bookmarks xmlns="http://www.netbeans.org/ns/editor-bookmarks/2" lastBookmarkId="0"/>
    <open-files xmlns="http://www.netbeans.org/ns/projectui-open-files/2">
        <group>
            <file>file:/C:/Users/yoges/OneDrive/Documents/NetBeansProjects/csc/src/csc/enquiry_page.java</file>
            <file>file:/C:/Users/yoges/OneDrive/Documents/NetBeansProjects/csc/src/csc/enquiryform2.java</file>
            <file>file:/C:/Users/yoges/OneDrive/Documents/NetBeansProjects/csc/src/csc/enquiry_form1.java</file>
            <file>file:/C:/Users/yoges/OneDrive/Documents/NetBeansProjects/csc/src/csc/admin_form.java</file>
            <file>file:/C:/Users/yoges/OneDrive/Documents/NetBeansProjects/csc/src/csc/changepass.java</file>
            <file>file:/C:/Users/yoges/OneDrive/Documents/NetBeansProjects/csc/src/csc/forgetpass.java</file>
            <file>file:/C:/Users/yoges/OneDrive/Documents/NetBeansProjects/csc/src/csc/Adminpage.java</file>
            <file>file:/C:/Users/yoges/OneDrive/Documents/NetBeansProjects/csc/src/csc/data_entry_form.java</file>
            <file>file:/C:/Users/yoges/OneDrive/Documents/NetBeansProjects/csc/src/csc/home_page.java</file>
            <file>file:/C:/Users/yoges/OneDrive/Documents/NetBeansProjects/csc/src/csc/admission_form1.java</file>
            <file>file:/C:/Users/yoges/OneDrive/Documents/NetBeansProjects/csc/src/csc/dialog.java</file>
        </group>
    </open-files>
</project-private>
